business,name,unit,per_unit_value,brand,category,sub_category,sub_category2,vendor_price,price,is_offer_enable,offer_price,featured_image,short_resolation_image,type,keywords,alert_quantity,slug,sku,delivery_time,current_stock,enable_stock,shipping_charge,status,description,image1,image2,image3,image4,image5,image6
rmtradinginternational,Infinix Infinix Smart 5 2GB 32GB Midnight Black,piece,1,infinix,electronics,mobile-and-gadgets,,8100,8490 ,0,,,,,,5,,,,20,1,,active,"<ul>
<li>Display: 6.6 inch HD+ WaterDrop IPS Screen</li>
<li><strong>Memory: 32GB + 2GB RAM</strong></li>
<li>Back Camera: 8MP Dual Camera with Triple Flash</li>
<li>Front Camera: 8MP</li>
<li>CPU: Quad-core 1.3 GHz CPU</li>
<li>Fingerprint Sensor</li>
<li>OS: Android OS 10( Go Edition)</li>
<li>Battery: Li-ion 5000mAh Battery</li>
</ul>",,,,,,
rmtradinginternational,Infinix Infinix Smart 5 2GB 32GB Quetzal Cyan,piece,1,infinix,electronics,mobile-and-gadgets,,8100 ,8490 ,0,,,,,,5,,,,20,1,,active,"<div class=""_1pEVDa""><label class=""_1A0RCW"">Category</label>
<div class=""flex items-center _3bDXqx""><a class=""_2572CL ni2r2i"" href=""https://shopee.ph/"">Shopee</a><svg enable-background=""new 0 0 11 11"" viewbox=""0 0 11 11"" x=""0"" y=""0"" class=""shopee-svg-icon _2m4lrt icon-arrow-right""><path d=""m2.5 11c .1 0 .2 0 .3-.1l6-5c .1-.1.2-.3.2-.4s-.1-.3-.2-.4l-6-5c-.2-.2-.5-.1-.7.1s-.1.5.1.7l5.5 4.6-5.5 4.6c-.2.2-.2.5-.1.7.1.1.3.2.4.2z""></path></svg><span class=""_1w3mKA"">Mobile &amp; Gadgets</span><svg enable-background=""new 0 0 11 11"" viewbox=""0 0 11 11"" x=""0"" y=""0"" class=""shopee-svg-icon _2m4lrt icon-arrow-right""><path d=""m2.5 11c .1 0 .2 0 .3-.1l6-5c .1-.1.2-.3.2-.4s-.1-.3-.2-.4l-6-5c-.2-.2-.5-.1-.7.1s-.1.5.1.7l5.5 4.6-5.5 4.6c-.2.2-.2.5-.1.7.1.1.3.2.4.2z""></path></svg><span class=""_1w3mKA"">Mobile Phones</span></div>
</div>
<div class=""_1pEVDa""><label class=""_1A0RCW"">Brand</label><a class=""_29-l2W"" href=""https://shopee.ph/search?brands=1695278"">Infinix</a></div>
<div class=""_1pEVDa""><label class=""_1A0RCW"">Storage Capacity</label>
<div>32GB</div>
</div>
<div class=""_1pEVDa""><label class=""_1A0RCW"">Warranty Type</label>
<div>Manufacturer Warranty</div>
</div>
<div class=""_1pEVDa""><label class=""_1A0RCW"">Warranty Duration</label>
<div>12 Months</div>
</div>
<div class=""_1pEVDa""><label class=""_1A0RCW"">Number of SIM Card Slots</label>
<div>2</div>
</div>
<div class=""_1pEVDa""><label class=""_1A0RCW"">Number of Primary Cameras</label>
<div>3</div>
</div>
<div class=""_1pEVDa""><label class=""_1A0RCW"">Mobile Phone Features</label>
<div>Touchscreen</div>
</div>
<div class=""_1pEVDa""><label class=""_1A0RCW"">Phone Type</label>
<div>Smart Phone</div>
</div>
<div class=""_1pEVDa""><label class=""_1A0RCW"">Cellular</label>
<div>LTE</div>
</div>
<div class=""_1pEVDa""><label class=""_1A0RCW"">Supported Operating System</label>
<div>Android</div>
</div>
<div class=""_1pEVDa""><label class=""_1A0RCW"">SIM Type</label>
<div>Nano</div>
</div>
<div class=""_1pEVDa""><label class=""_1A0RCW"">Screen Protector Type</label>
<div>Others</div>
</div>
<div class=""_1pEVDa""><label class=""_1A0RCW"">Phone Model</label>
<div>Smart 5</div>
</div>
<div class=""_1pEVDa""><label class=""_1A0RCW"">Primary Camera Resolution</label>
<div>13MP</div>
</div>
<div class=""_1pEVDa""><label class=""_1A0RCW"">Mobile Cable Type</label>
<div>micro usb</div>
</div>
<div class=""_1pEVDa""><label class=""_1A0RCW"">Case Type</label>
<div>Smart Phone</div>
</div>
<div class=""_1pEVDa""><label class=""_1A0RCW"">RAM</label>
<div>2GB</div>
</div>
<div class=""_1pEVDa""><label class=""_1A0RCW"">Processor Type</label>
<div>Mediatek MT6761D Helio A20</div>
</div>
<div class=""_1pEVDa""><label class=""_1A0RCW"">Condition</label>
<div>Brand New</div>
</div>
<div class=""_1pEVDa""><label class=""_1A0RCW"">Battery Capacity</label>
<div>5000mAh</div>
</div>
<div class=""_1pEVDa""><label class=""_1A0RCW"">Screen Size</label>
<div>6.6inches</div>
</div>
<div class=""_1pEVDa""><label class=""_1A0RCW"">Stock</label>
<div>4</div>
</div>
<div class=""_1pEVDa""><label class=""_1A0RCW"">Ships From</label>
<div>Metro Manila, Metro Manila</div>
</div>",,,,,,
rmtradinginternational,Infinix Infinix Hot 10 Play 3GB 32GB Green Official,piece,1,infinix,electronics,mobile-and-gadgets,,9390 ,9290 ,0,,,,,,5,,,,20,1,,active,"<p><strong>First Release:</strong>January 21, 2020<strong>Colors</strong>Aegean Blue, Morandi Green, Obsidian Black, Purple&nbsp; Connectivity&nbsp;Network2G, 3G, 4GSIMDual Nano SIMWLAN✅ dual-band, Wi-Fi direct, WiFi hotspotBluetooth✅ v5.0, A2DP, LEGPS✅, A-GPSRadio✅ FMUSBv2.0OTG✅USB Type-C✖&nbsp; Body&nbsp;StyleMinimal NotchMaterialGlass front, plastic bodyWater Resistance✖Dimensions171.8 x 78 x 8.9 millimetersWeight207 grams&nbsp; Display&nbsp;Size6.82 inchesResolutionHD+ 720 x 1640 pixels (263 ppi)TechnologyIPS LCD TouchscreenProtection✖FeaturesMultitouch&nbsp; Back Camera&nbsp;ResolutionDual 13 Megapixel main cameraFeaturesAutofocus, quad-LED flash, 1/3.1&Prime;, 1.12&micro;m, HDR &amp; moreVideo RecordingFull HD (1080p)&nbsp; Front Camera&nbsp;Resolution8 MegapixelFeatures&nbsp;Video RecordingFull HD (1080p)&nbsp; Battery&nbsp;Type and CapacityLithium-polymer 6000 mAh (non-removable)Fast Charging✅ 10W Fast Battery Charging&nbsp; Performance&nbsp;Operating SystemAndroid 10 Go Edition (XOS 7)ChipsetMediatek Helio G35 (12 nm)RAM4 GBProcessorOcta-core, up to 2.0 GHzGPUMali-G52 MC2&nbsp; Storage&nbsp;ROM64 GB (eMMC 5.1)MicroSD Slot✅ Dedicated slot&nbsp; Sound&nbsp;3.5mm Jack✅FeaturesLoudspeaker&nbsp; Security&nbsp;Fingerprint✅ On the backFace Unlock✅&nbsp; OthersNotification Light&nbsp;SensorsFingerprint, Accelerometer, Proximity, E-CompassManufactured byInfinixMade in&nbsp;Sar Value</p>",,,,,,
rmtradinginternational,Infinix Hot 10 Play 4GB 64GB Black Official,piece,1,infinix,electronics,mobile-and-gadgets,,10300 ,10990 ,0,,,,,,5,,,,20,1,,active,"<table>
<tbody>
<tr></tr>
<tr>
<td><strong>First Release:</strong></td>
<td>January 21, 2020</td>
</tr>
<tr>
<td><strong>Colors</strong></td>
<td>Aegean Blue, Morandi Green, Obsidian Black, Purple</td>
</tr>
<tr>
<th>&nbsp; Connectivity</th>
<th>&nbsp;</th>
</tr>
<tr>
<td>Network</td>
<td>2G, 3G, 4G</td>
</tr>
<tr>
<td>SIM</td>
<td>Dual Nano SIM</td>
</tr>
<tr>
<td>WLAN</td>
<td>✅ dual-band, Wi-Fi direct, WiFi hotspot</td>
</tr>
<tr>
<td>Bluetooth</td>
<td>✅ v5.0, A2DP, LE</td>
</tr>
<tr>
<td>GPS</td>
<td>✅, A-GPS</td>
</tr>
<tr>
<td>Radio</td>
<td>✅ FM</td>
</tr>
<tr>
<td>USB</td>
<td>v2.0</td>
</tr>
<tr>
<td>OTG</td>
<td>✅</td>
</tr>
<tr>
<td>USB Type-C</td>
<td>✖</td>
</tr>
<tr>
<th>&nbsp; Body</th>
<th>&nbsp;</th>
</tr>
<tr>
<td>Style</td>
<td>Minimal Notch</td>
</tr>
<tr>
<td>Material</td>
<td>Glass front, plastic body</td>
</tr>
<tr>
<td>Water Resistance</td>
<td>✖</td>
</tr>
<tr>
<td>Dimensions</td>
<td>171.8 x 78 x 8.9 millimeters</td>
</tr>
<tr>
<td>Weight</td>
<td>207 grams</td>
</tr>
<tr>
<th>&nbsp; Display</th>
<th>&nbsp;</th>
</tr>
<tr>
<td>Size</td>
<td>6.82 inches</td>
</tr>
<tr>
<td>Resolution</td>
<td>HD+ 720 x 1640 pixels (263 ppi)</td>
</tr>
<tr>
<td>Technology</td>
<td>IPS LCD Touchscreen</td>
</tr>
<tr>
<td>Protection</td>
<td>✖</td>
</tr>
<tr>
<td>Features</td>
<td>Multitouch</td>
</tr>
<tr>
<th>&nbsp; Back Camera</th>
<th>&nbsp;</th>
</tr>
<tr>
<td>Resolution</td>
<td>Dual 13 Megapixel main camera</td>
</tr>
<tr>
<td>Features</td>
<td>Autofocus, quad-LED flash, 1/3.1&Prime;, 1.12&micro;m, HDR &amp; more</td>
</tr>
<tr>
<td>Video Recording</td>
<td>Full HD (1080p)</td>
</tr>
<tr>
<th>&nbsp; Front Camera</th>
<th>&nbsp;</th>
</tr>
<tr>
<td>Resolution</td>
<td>8 Megapixel</td>
</tr>
<tr>
<td>Features</td>
<td>&nbsp;</td>
</tr>
<tr>
<td>Video Recording</td>
<td>Full HD (1080p)</td>
</tr>
<tr>
<th>&nbsp; Battery</th>
<th>&nbsp;</th>
</tr>
<tr>
<td>Type and Capacity</td>
<td>Lithium-polymer 6000 mAh (non-removable)</td>
</tr>
<tr>
<td>Fast Charging</td>
<td>✅ 10W Fast Battery Charging</td>
</tr>
<tr>
<th>&nbsp; Performance</th>
<th>&nbsp;</th>
</tr>
<tr>
<td>Operating System</td>
<td>Android 10 Go Edition (XOS 7)</td>
</tr>
<tr>
<td>Chipset</td>
<td>Mediatek Helio G35 (12 nm)</td>
</tr>
<tr>
<td>RAM</td>
<td>4 GB</td>
</tr>
<tr>
<td>Processor</td>
<td>Octa-core, up to 2.0 GHz</td>
</tr>
<tr>
<td>GPU</td>
<td>Mali-G52 MC2</td>
</tr>
<tr>
<th>&nbsp; Storage</th>
<th>&nbsp;</th>
</tr>
<tr>
<td>ROM</td>
<td>64 GB (eMMC 5.1)</td>
</tr>
<tr>
<td>MicroSD Slot</td>
<td>✅ Dedicated slot</td>
</tr>
<tr>
<th>&nbsp; Sound</th>
<th>&nbsp;</th>
</tr>
<tr>
<td>3.5mm Jack</td>
<td>✅</td>
</tr>
<tr>
<td>Features</td>
<td>Loudspeaker</td>
</tr>
<tr>
<th>&nbsp; Security</th>
<th>&nbsp;</th>
</tr>
<tr>
<td>Fingerprint</td>
<td>✅ On the back</td>
</tr>
<tr>
<td>Face Unlock</td>
<td>✅</td>
</tr>
<tr>
<th>&nbsp; Others</th>
</tr>
<tr>
<td>Notification Light</td>
<td>&nbsp;</td>
</tr>
<tr>
<td>Sensors</td>
<td>Fingerprint, Accelerometer, Proximity, E-Compass</td>
</tr>
<tr>
<td>Manufactured by</td>
<td>Infinix</td>
</tr>
<tr>
<td>Made in</td>
<td>&nbsp;</td>
</tr>
<tr>
<td>Sar Value</td>
</tr>
</tbody>
</table>",,,,,,
rmtradinginternational,Infinix Hot 11 Play 4GB 64GB Haze Green,piece,1,infinix,electronics,mobile-and-gadgets,,10800 ,11490 ,0,,,,,,5,,,,20,1,,active,"<h3 class=""aps-group-title"">Launch</h3>
<table class=""aps-specs-table"" cellspacing=""0"" cellpadding=""0"">
<tbody>
<tr>
<td class=""aps-attr-title""><span class=""aps-attr-co""><strong class=""aps-term"">Announced</strong></span></td>
<td class=""aps-attr-value""><span class=""aps-1co"">2021, November 15</span></td>
</tr>
<tr>
<td class=""aps-attr-title""><span class=""aps-attr-co""><strong class=""aps-term"">Status</strong></span></td>
<td class=""aps-attr-value""><span class=""aps-1co"">Available. Released 2021, November 15</span></td>
</tr>
</tbody>
</table>
</div>
<div class=""aps-group"">
<h3 class=""aps-group-title"">Network</h3>
<table class=""aps-specs-table"" cellspacing=""0"" cellpadding=""0"">
<tbody>
<tr>
<td class=""aps-attr-title""><span class=""aps-attr-co""><strong class=""aps-term"">Technology</strong></span></td>
<td class=""aps-attr-value""><span class=""aps-1co"">GSM / HSPA / LTE</span></td>
</tr>
<tr>
<td class=""aps-attr-title""><span class=""aps-attr-co""><strong class=""aps-term aps-tooltip"">2G bands</strong></span></td>
<td class=""aps-attr-value""><span class=""aps-1co"">GSM 850 / 900 / 1800 / 1900 - SIM 1 &amp; SIM 2<br /></span></td>
</tr>
<tr>
<td class=""aps-attr-title""><span class=""aps-attr-co""><strong class=""aps-term aps-tooltip"">3G bands</strong></span></td>
<td class=""aps-attr-value""><span class=""aps-1co"">HSDPA 850 / 900 / 2100<br /></span></td>
</tr>
<tr>
<td class=""aps-attr-title""><span class=""aps-attr-co""><strong class=""aps-term aps-tooltip"">4G bands</strong></span></td>
<td class=""aps-attr-value""><span class=""aps-1co"">1, 3, 5, 8, 38, 40, 41<br /></span></td>
</tr>
<tr>
<td class=""aps-attr-title""><span class=""aps-attr-co""><strong class=""aps-term"">Speed</strong></span></td>
<td class=""aps-attr-value""><span class=""aps-1co"">HSPA 42.2/5.76 Mbps, LTE Cat4 150/50 Mbps<br /></span></td>
</tr>
<tr>
<td class=""aps-attr-title""><span class=""aps-attr-co""><strong class=""aps-term aps-tooltip"">GPRS</strong></span></td>
<td class=""aps-attr-value"">&nbsp;</td>
</tr>
<tr>
<td class=""aps-attr-title""><span class=""aps-attr-co""><strong class=""aps-term aps-tooltip"">EDGE</strong></span></td>
<td class=""aps-attr-value"">&nbsp;</td>
</tr>
</tbody>
</table>
</div>
<div class=""aps-group"">
<h3 class=""aps-group-title"">Body</h3>
<table class=""aps-specs-table"" cellspacing=""0"" cellpadding=""0"">
<tbody>
<tr>
<td class=""aps-attr-title""><span class=""aps-attr-co""><strong class=""aps-term aps-tooltip"">Dimensions</strong></span></td>
<td class=""aps-attr-value""><span class=""aps-1co"">171.8 x 78 x 8.9 mm (6.76 x 3.07 x 0.35 in)</span></td>
</tr>
<tr>
<td class=""aps-attr-title""><span class=""aps-attr-co""><strong class=""aps-term"">Weight</strong></span></td>
<td class=""aps-attr-value""><span class=""aps-1co"">-</span></td>
</tr>
<tr>
<td class=""aps-attr-title""><span class=""aps-attr-co""><strong class=""aps-term aps-tooltip"">Build</strong></span></td>
<td class=""aps-attr-value""><span class=""aps-1co"">Glass front, plastic back, plastic frame</span></td>
</tr>
<tr>
<td class=""aps-attr-title""><span class=""aps-attr-co""><strong class=""aps-term aps-tooltip"">SIM</strong></span></td>
<td class=""aps-attr-value""><span class=""aps-1co"">Dual SIM (Nano-SIM, dual stand-by)</span></td>
</tr>
</tbody>
</table>
</div>
<div class=""aps-group"">
<h3 class=""aps-group-title"">Display</h3>
<table class=""aps-specs-table"" cellspacing=""0"" cellpadding=""0"">
<tbody>
<tr>
<td class=""aps-attr-title""><span class=""aps-attr-co""><strong class=""aps-term aps-tooltip"">Type</strong></span></td>
<td class=""aps-attr-value""><span class=""aps-1co"">IPS LCD capacitive touchscreen, 16M colors</span></td>
</tr>
<tr>
<td class=""aps-attr-title""><span class=""aps-attr-co""><strong class=""aps-term aps-tooltip"">Size</strong></span></td>
<td class=""aps-attr-value""><span class=""aps-1co"">6.82 inches, 110.5 cm2 (~82.4% screen-to-body ratio)</span></td>
</tr>
<tr>
<td class=""aps-attr-title""><span class=""aps-attr-co""><strong class=""aps-term aps-tooltip"">Resolution</strong></span></td>
<td class=""aps-attr-value""><span class=""aps-1co"">720 x 1640 pixels (~263 ppi density)</span></td>
</tr>
<tr>
<td class=""aps-attr-title""><span class=""aps-attr-co""><strong class=""aps-term aps-tooltip"">Multitouch</strong></span></td>
<td class=""aps-attr-value"">&nbsp;</td>
</tr>
<tr>
<td class=""aps-attr-title""><span class=""aps-attr-co""><strong class=""aps-term"">Features</strong></span></td>
<td class=""aps-attr-value""><span class=""aps-1co"">440 nits (typ)</span></td>
</tr>
</tbody>
</table>
</div>
<div class=""aps-group"">
<h3 class=""aps-group-title"">Platform</h3>
<table class=""aps-specs-table"" cellspacing=""0"" cellpadding=""0"">
<tbody>
<tr>
<td class=""aps-attr-title""><span class=""aps-attr-co""><strong class=""aps-term aps-tooltip"">OS</strong></span></td>
<td class=""aps-attr-value""><span class=""aps-1co"">Android 11, XOS 7.6</span></td>
</tr>
<tr>
<td class=""aps-attr-title""><span class=""aps-attr-co""><strong class=""aps-term aps-tooltip"">Chipset</strong></span></td>
<td class=""aps-attr-value""><span class=""aps-1co"">MediaTek MT6765G Helio G35 (12 nm)<br /></span></td>
</tr>
<tr>
<td class=""aps-attr-title""><span class=""aps-attr-co""><strong class=""aps-term aps-tooltip"">CPU</strong></span></td>
<td class=""aps-attr-value""><span class=""aps-1co"">Octa-core (4x2.3 GHz Cortex-A53 &amp; 4x1.8 GHz Cortex-A53)<br /></span></td>
</tr>
<tr>
<td class=""aps-attr-title""><span class=""aps-attr-co""><strong class=""aps-term aps-tooltip"">GPU</strong></span></td>
<td class=""aps-attr-value""><span class=""aps-1co"">PowerVR GE8320<br /></span></td>
</tr>
</tbody>
</table>
</div>
<div class=""aps-group"">
<h3 class=""aps-group-title"">Memory</h3>
<table class=""aps-specs-table"" cellspacing=""0"" cellpadding=""0"">
<tbody>
<tr>
<td class=""aps-attr-title""><span class=""aps-attr-co""><strong class=""aps-term aps-tooltip"">Card slot</strong></span></td>
<td class=""aps-attr-value""><span class=""aps-1co"">microSDXC (dedicated slot)</span></td>
</tr>
<tr>
<td class=""aps-attr-title""><span class=""aps-attr-co""><strong class=""aps-term aps-tooltip"">Internal</strong></span></td>
<td class=""aps-attr-value""><span class=""aps-1co"">128 GB eMMC 5.1</span></td>
</tr>
<tr>
<td class=""aps-attr-title""><span class=""aps-attr-co""><strong class=""aps-term aps-tooltip"">RAM</strong></span></td>
<td class=""aps-attr-value""><span class=""aps-1co"">4 GB</span></td>
</tr>
</tbody>
</table>
</div>
<div class=""aps-group"">
<h3 class=""aps-group-title"">Camera</h3>
<table class=""aps-specs-table"" cellspacing=""0"" cellpadding=""0"">
<tbody>
<tr>
<td class=""aps-attr-title""><span class=""aps-attr-co""><strong class=""aps-term aps-tooltip"">Primary camera</strong></span></td>
<td class=""aps-attr-value""><span class=""aps-1co"">13 MP, f/1.8, (wide), 1/3.1"", 1.12&micro;m, AF<br />Secondary unspecified camera</span></td>
</tr>
<tr>
<td class=""aps-attr-title""><span class=""aps-attr-co""><strong class=""aps-term"">Secondary camera</strong></span></td>
<td class=""aps-attr-value""><span class=""aps-1co"">8 MP, f/2.0, (wide)<br /></span></td>
</tr>
<tr>
<td class=""aps-attr-title""><span class=""aps-attr-co""><strong class=""aps-term"">Features</strong></span></td>
<td class=""aps-attr-value""><span class=""aps-1co"">Quad-LED flash, panorama, HDR<br />LED flash</span></td>
</tr>
<tr>
<td class=""aps-attr-title""><span class=""aps-attr-co""><strong class=""aps-term aps-tooltip"">Video</strong></span></td>
<td class=""aps-attr-value""><span class=""aps-1co"">1080p@30fps<br /></span></td>
</tr>
</tbody>
</table>
</div>
<div class=""aps-group"">
<h3 class=""aps-group-title"">Sound</h3>
<table class=""aps-specs-table"" cellspacing=""0"" cellpadding=""0"">
<tbody>
<tr>
<td class=""aps-attr-title""><span class=""aps-attr-co""><strong class=""aps-term"">Alert types</strong></span></td>
<td class=""aps-attr-value""><span class=""aps-1co"">Vibration, MP3, WAV ringtones</span></td>
</tr>
<tr>
<td class=""aps-attr-title""><span class=""aps-attr-co""><strong class=""aps-term aps-tooltip"">Loudspeaker</strong></span></td>
<td class=""aps-attr-value""><span class=""aps-1co"">Yes</span></td>
</tr>
<tr>
<td class=""aps-attr-title""><span class=""aps-attr-co""><strong class=""aps-term aps-tooltip"">3.5mm jack</strong></span></td>
<td class=""aps-attr-value""><span class=""aps-1co"">Yes</span></td>
</tr>
</tbody>
</table>
</div>
<div class=""aps-group"">
<h3 class=""aps-group-title"">Connectivity</h3>
<table class=""aps-specs-table"" cellspacing=""0"" cellpadding=""0"">
<tbody>
<tr>
<td class=""aps-attr-title""><span class=""aps-attr-co""><strong class=""aps-term aps-tooltip"">WLAN</strong></span></td>
<td class=""aps-attr-value""><span class=""aps-1co"">Wi-Fi 802.11 a/b/g/n, Wi-Fi Direct, hotspot<br /></span></td>
</tr>
<tr>
<td class=""aps-attr-title""><span class=""aps-attr-co""><strong class=""aps-term aps-tooltip"">Bluetooth</strong></span></td>
<td class=""aps-attr-value""><span class=""aps-1co"">5.0, A2DP, LE</span></td>
</tr>
<tr>
<td class=""aps-attr-title""><span class=""aps-attr-co""><strong class=""aps-term aps-tooltip"">GPS</strong></span></td>
<td class=""aps-attr-value""><span class=""aps-1co"">Yes, with A-GPS</span></td>
</tr>
<tr>
<td class=""aps-attr-title""><span class=""aps-attr-co""><strong class=""aps-term aps-tooltip"">NFC</strong></span></td>
<td class=""aps-attr-value"">&nbsp;</td>
</tr>
<tr>
<td class=""aps-attr-title""><span class=""aps-attr-co""><strong class=""aps-term aps-tooltip"">FM radio</strong></span></td>
<td class=""aps-attr-value"">&nbsp;</td>
</tr>
<tr>
<td class=""aps-attr-title""><span class=""aps-attr-co""><strong class=""aps-term aps-tooltip"">USB</strong></span></td>
<td class=""aps-attr-value""><span class=""aps-1co"">microUSB 2.0, USB On-The-Go</span></td>
</tr>
<tr>
<td class=""aps-attr-title""><span class=""aps-attr-co""><strong class=""aps-term aps-tooltip"">Infrared port</strong></span></td>
<td class=""aps-attr-value"">&nbsp;</td>
</tr>
</tbody>
</table>
</div>
<div class=""aps-group"">
<h3 class=""aps-group-title"">Features</h3>
<table class=""aps-specs-table"" cellspacing=""0"" cellpadding=""0"">
<tbody>
<tr>
<td class=""aps-attr-title""><span class=""aps-attr-co""><strong class=""aps-term aps-tooltip"">Sensors</strong></span></td>
<td class=""aps-attr-value""><span class=""aps-1co"">Fingerprint (rear-mounted), accelerometer, gyro, proximity, compass<br /></span></td>
</tr>
<tr>
<td class=""aps-attr-title""><span class=""aps-attr-co""><strong class=""aps-term aps-tooltip"">Messaging</strong></span></td>
<td class=""aps-attr-value""><span class=""aps-1co"">SMS(threaded view), MMS, Email, Push Email, IM</span></td>
</tr>
<tr>
<td class=""aps-attr-title""><span class=""aps-attr-co""><strong class=""aps-term aps-tooltip"">Browser</strong></span></td>
<td class=""aps-attr-value""><span class=""aps-1co"">HTML5</span></td>
</tr>
<tr>
<td class=""aps-attr-title""><span class=""aps-attr-co""><strong class=""aps-term aps-tooltip"">Java</strong></span></td>
<td class=""aps-attr-value"">&nbsp;</td>
</tr>
</tbody>
</table>
</div>
<div class=""aps-group"">
<h3 class=""aps-group-title"">Battery</h3>
<table class=""aps-specs-table"" cellspacing=""0"" cellpadding=""0"">
<tbody>
<tr>
<td class=""aps-attr-title""><span class=""aps-attr-co""><strong class=""aps-term aps-tooltip"">Battery type</strong></span></td>
<td class=""aps-attr-value""><span class=""aps-1co"">Non-removable Li-Po</span></td>
</tr>
<tr>
<td class=""aps-attr-title""><span class=""aps-attr-co""><strong class=""aps-term aps-tooltip"">Battery capacity</strong></span></td>
<td class=""aps-attr-value""><span class=""aps-1co"">6000 mAh</span></td>
</tr>
<tr>
<td class=""aps-attr-title""><span class=""aps-attr-co""><strong class=""aps-term"">Charging</strong></span></td>
<td class=""aps-attr-value""><span class=""aps-1co"">Charging 10W<br /></span></td>
</tr>
</tbody>
</table>
</div>
<div class=""aps-group"">
<h3 class=""aps-group-title"">More</h3>
<table class=""aps-specs-table"" cellspacing=""0"" cellpadding=""0"">
<tbody>
<tr>
<td class=""aps-attr-title""><span class=""aps-attr-co""><strong class=""aps-term"">Made by</strong></span></td>
<td class=""aps-attr-value""><span class=""aps-1co"">China</span></td>
</tr>
<tr>
<td class=""aps-attr-title""><span class=""aps-attr-co""><strong class=""aps-term"">Color</strong></span></td>
<td class=""aps-attr-value""><span class=""aps-1co"">Green, Gold, Blue, Black</span></td>
</tr>
</tbody>
</table>
</div>",,,,,,
rmtradinginternational,Infinix Infinix Hot 11s 4GB 128GB Green Wave,piece,1,infinix,electronics,mobile-and-gadgets,,14100 ,14990 ,0,,,,,,5,,,,20,1,,active,<p><strong>Display Size In Inches:&nbsp;</strong>6.78 inches<br /><strong>Processor CPU:&nbsp;</strong>Octa-core<br /><strong>Internal Memory Capacity In GB:&nbsp;</strong>128 GB<br /><strong>Memory RAM In GB:&nbsp;</strong>4 GB<br /><strong>Rear Camera:&nbsp;</strong>50 MP + 2 MP + AI<br /><strong>Front Camera:&nbsp;</strong>8 MP<br /><strong>Battery:&nbsp;</strong>5000 mAh<br /><strong>Color:&nbsp;</strong>Green Wave</p>,,,,,,
rmtradinginternational,Infinix Infinix Hot 11s 4GB 128GB Polar Black,piece,1,infinix,electronics,mobile-and-gadgets,,14100 ,14990 ,0,,,,,,5,,,,20,1,,active,"<table style=""width: 100%; height: 1171.64px;"">
<tbody>
<tr style=""height: 1px;""></tr>
<tr style=""height: 18.6667px;"">
<td style=""width: 23.3472%; height: 18.6667px;""><strong>First Release:</strong></td>
<td style=""width: 75.3613%; height: 18.6667px;"">September 21, 2021</td>
</tr>
<tr style=""height: 18.6667px;"">
<td style=""width: 23.3472%; height: 18.6667px;""><strong>Colors</strong></td>
<td style=""width: 75.3613%; height: 18.6667px;"">Polar Black, Green Wave, Purple</td>
</tr>
<tr style=""height: 18.6667px;"">
<th style=""width: 23.3472%; height: 18.6667px;"">&nbsp; Connectivity</th>
<th style=""width: 75.3613%; height: 18.6667px;"">&nbsp;</th>
</tr>
<tr style=""height: 18.6667px;"">
<td style=""width: 23.3472%; height: 18.6667px;"">Network</td>
<td style=""width: 75.3613%; height: 18.6667px;"">2G, 3G, 4G</td>
</tr>
<tr style=""height: 18.6667px;"">
<td style=""width: 23.3472%; height: 18.6667px;"">SIM</td>
<td style=""width: 75.3613%; height: 18.6667px;"">Dual Nano SIM</td>
</tr>
<tr style=""height: 21.3333px;"">
<td style=""width: 23.3472%; height: 21.3333px;"">WLAN</td>
<td style=""width: 75.3613%; height: 21.3333px;"">hotspot</td>
</tr>
<tr style=""height: 21.3229px;"">
<td style=""width: 23.3472%; height: 21.3229px;"">Bluetooth</td>
<td style=""width: 75.3613%; height: 21.3229px;"">&nbsp;v5.0, A2DP, LE</td>
</tr>
<tr style=""height: 21.3229px;"">
<td style=""width: 23.3472%; height: 21.3229px;"">GPS</td>
<td style=""width: 75.3613%; height: 21.3229px;"">, A-GPS</td>
</tr>
<tr style=""height: 21.3229px;"">
<td style=""width: 23.3472%; height: 21.3229px;"">Radio</td>
<td style=""width: 75.3613%; height: 21.3229px;"">&nbsp;FM</td>
</tr>
<tr style=""height: 18.6667px;"">
<td style=""width: 23.3472%; height: 18.6667px;"">USB</td>
<td style=""width: 75.3613%; height: 18.6667px;"">v2.0</td>
</tr>
<tr style=""height: 18.6667px;"">
<td style=""width: 23.3472%; height: 18.6667px;"">OTG</td>
<td style=""width: 75.3613%; height: 18.6667px;"">&nbsp;</td>
</tr>
<tr style=""height: 18.6667px;"">
<td style=""width: 23.3472%; height: 18.6667px;"">USB Type-C</td>
<td style=""width: 75.3613%; height: 18.6667px;"">&nbsp;</td>
</tr>
<tr style=""height: 21.3333px;"">
<td style=""width: 23.3472%; height: 21.3333px;"">NFC</td>
<td style=""width: 75.3613%; height: 21.3333px;"">✖</td>
</tr>
<tr style=""height: 18.6667px;"">
<th style=""width: 23.3472%; height: 18.6667px;"">&nbsp; Body</th>
<th style=""width: 75.3613%; height: 18.6667px;"">&nbsp;</th>
</tr>
<tr style=""height: 18.6667px;"">
<td style=""width: 23.3472%; height: 18.6667px;"">Style</td>
<td style=""width: 75.3613%; height: 18.6667px;"">Punch-hole</td>
</tr>
<tr style=""height: 18.6667px;"">
<td style=""width: 23.3472%; height: 18.6667px;"">Material</td>
<td style=""width: 75.3613%; height: 18.6667px;"">Glass front, plastic body</td>
</tr>
<tr style=""height: 37.3333px;"">
<td style=""width: 23.3472%; height: 37.3333px;"">Water Resistance</td>
<td style=""width: 75.3613%; height: 37.3333px;"">✖</td>
</tr>
<tr style=""height: 18.6667px;"">
<td style=""width: 23.3472%; height: 18.6667px;"">Dimensions</td>
<td style=""width: 75.3613%; height: 18.6667px;"">168.9 x 77 x 8.8 millimeters</td>
</tr>
<tr style=""height: 18.6667px;"">
<td style=""width: 23.3472%; height: 18.6667px;"">Weight</td>
<td style=""width: 75.3613%; height: 18.6667px;"">205 grams</td>
</tr>
<tr style=""height: 18.6667px;"">
<th style=""width: 23.3472%; height: 18.6667px;"">&nbsp; Display</th>
<th style=""width: 75.3613%; height: 18.6667px;"">&nbsp;</th>
</tr>
<tr style=""height: 18.6667px;"">
<td style=""width: 23.3472%; height: 18.6667px;"">Size</td>
<td style=""width: 75.3613%; height: 18.6667px;"">6.78 inches</td>
</tr>
<tr style=""height: 18.6667px;"">
<td style=""width: 23.3472%; height: 18.6667px;"">Resolution</td>
<td style=""width: 75.3613%; height: 18.6667px;"">Full HD+ 1080 x 2480 pixels (399 ppi)</td>
</tr>
<tr style=""height: 18.6667px;"">
<td style=""width: 23.3472%; height: 18.6667px;"">Technology</td>
<td style=""width: 75.3613%; height: 18.6667px;"">IPS Touchscreen</td>
</tr>
<tr style=""height: 18.6667px;"">
<td style=""width: 23.3472%; height: 18.6667px;"">Protection</td>
<td style=""width: 75.3613%; height: 18.6667px;"">&nbsp;NEG Dinorex T2X-1</td>
</tr>
<tr style=""height: 18.6667px;"">
<td style=""width: 23.3472%; height: 18.6667px;"">Features</td>
<td style=""width: 75.3613%; height: 18.6667px;"">90Hz refresh rate, eye-protection</td>
</tr>
<tr style=""height: 18.6667px;"">
<th style=""width: 23.3472%; height: 18.6667px;"">&nbsp; Back Camera</th>
<th style=""width: 75.3613%; height: 18.6667px;"">&nbsp;</th>
</tr>
<tr style=""height: 18.6667px;"">
<td style=""width: 23.3472%; height: 18.6667px;"">Resolution</td>
<td style=""width: 75.3613%; height: 18.6667px;"">Triple 50+2+2 Megapixel</td>
</tr>
<tr style=""height: 37.3333px;"">
<td style=""width: 23.3472%; height: 37.3333px;"">Features</td>
<td style=""width: 75.3613%; height: 37.3333px;"">PDAF, f/1.6 aperture, quad-LED flash, monochrome, depth &amp; more</td>
</tr>
<tr style=""height: 18.6667px;"">
<td style=""width: 23.3472%; height: 18.6667px;"">Video Recording</td>
<td style=""width: 75.3613%; height: 18.6667px;"">Quad HD (1440p)</td>
</tr>
<tr style=""height: 18.6667px;"">
<th style=""width: 23.3472%; height: 18.6667px;"">&nbsp; Front Camera</th>
<th style=""width: 75.3613%; height: 18.6667px;"">&nbsp;</th>
</tr>
<tr style=""height: 18.6667px;"">
<td style=""width: 23.3472%; height: 18.6667px;"">Resolution</td>
<td style=""width: 75.3613%; height: 18.6667px;"">8 Megapixel</td>
</tr>
<tr style=""height: 18.6667px;"">
<td style=""width: 23.3472%; height: 18.6667px;"">Features</td>
<td style=""width: 75.3613%; height: 18.6667px;"">F/2.0 aperture, quad-LED flash</td>
</tr>
<tr style=""height: 18.6667px;"">
<td style=""width: 23.3472%; height: 18.6667px;"">Video Recording</td>
<td style=""width: 75.3613%; height: 18.6667px;"">Quad HD (1440p)</td>
</tr>
<tr style=""height: 18.6667px;"">
<th style=""width: 23.3472%; height: 18.6667px;"">&nbsp; Battery</th>
<th style=""width: 75.3613%; height: 18.6667px;"">&nbsp;</th>
</tr>
<tr style=""height: 37.3333px;"">
<td style=""width: 23.3472%; height: 37.3333px;"">Type and Capacity</td>
<td style=""width: 75.3613%; height: 37.3333px;"">Lithium-polymer 5000 mAh (non-removable)</td>
</tr>
<tr style=""height: 18.6667px;"">
<td style=""width: 23.3472%; height: 18.6667px;"">Fast Charging</td>
<td style=""width: 75.3613%; height: 18.6667px;"">&nbsp;18W Fast Charging</td>
</tr>
<tr style=""height: 18.6667px;"">
<th style=""width: 23.3472%; height: 18.6667px;"">&nbsp; Performance</th>
<th style=""width: 75.3613%; height: 18.6667px;"">&nbsp;</th>
</tr>
<tr style=""height: 37.3333px;"">
<td style=""width: 23.3472%; height: 37.3333px;"">Operating System</td>
<td style=""width: 75.3613%; height: 37.3333px;"">Android 11 (XOS 7.6)</td>
</tr>
<tr style=""height: 18.6667px;"">
<td style=""width: 23.3472%; height: 18.6667px;"">Chipset</td>
<td style=""width: 75.3613%; height: 18.6667px;"">Mediatek Helio G88 (12 nm)</td>
</tr>
<tr style=""height: 18.6667px;"">
<td style=""width: 23.3472%; height: 18.6667px;"">RAM</td>
<td style=""width: 75.3613%; height: 18.6667px;"">4 / 6 GB</td>
</tr>
<tr style=""height: 18.6667px;"">
<td style=""width: 23.3472%; height: 18.6667px;"">Processor</td>
<td style=""width: 75.3613%; height: 18.6667px;"">Octa-core, up to 2.0 GHz</td>
</tr>
<tr style=""height: 18.6667px;"">
<td style=""width: 23.3472%; height: 18.6667px;"">GPU</td>
<td style=""width: 75.3613%; height: 18.6667px;"">Mali-G52 MC2</td>
</tr>
<tr style=""height: 18.6667px;"">
<th style=""width: 23.3472%; height: 18.6667px;"">&nbsp; Storage</th>
<th style=""width: 75.3613%; height: 18.6667px;"">&nbsp;</th>
</tr>
<tr style=""height: 18.6667px;"">
<td style=""width: 23.3472%; height: 18.6667px;"">ROM</td>
<td style=""width: 75.3613%; height: 18.6667px;"">128 GB</td>
</tr>
<tr style=""height: 18.6667px;"">
<td style=""width: 23.3472%; height: 18.6667px;"">MicroSD Slot</td>
<td style=""width: 75.3613%; height: 18.6667px;"">&nbsp;Dedicated slot</td>
</tr>
<tr style=""height: 18.6667px;"">
<th style=""width: 23.3472%; height: 18.6667px;"">&nbsp; Sound</th>
<th style=""width: 75.3613%; height: 18.6667px;"">&nbsp;</th>
</tr>
<tr style=""height: 18.6667px;"">
<td style=""width: 23.3472%; height: 18.6667px;"">3.5mm Jack</td>
<td style=""width: 75.3613%; height: 18.6667px;"">&nbsp;</td>
</tr>
<tr style=""height: 18.6667px;"">
<td style=""width: 23.3472%; height: 18.6667px;"">Features</td>
<td style=""width: 75.3613%; height: 18.6667px;"">Loudspeaker (dual speakers)</td>
</tr>
<tr style=""height: 18.6667px;"">
<th style=""width: 23.3472%; height: 18.6667px;"">&nbsp; Security</th>
<th style=""width: 75.3613%; height: 18.6667px;"">&nbsp;</th>
</tr>
<tr style=""height: 18.6667px;"">
<td style=""width: 23.3472%; height: 18.6667px;"">Fingerprint</td>
<td style=""width: 75.3613%; height: 18.6667px;"">&nbsp;Back-mounted</td>
</tr>
<tr style=""height: 18.6667px;"">
<td style=""width: 23.3472%; height: 18.6667px;"">Face Unlock</td>
<td style=""width: 75.3613%; height: 18.6667px;"">&nbsp;</td>
</tr>
<tr style=""height: 18.6667px;"">
<th style=""width: 23.3472%; height: 18.6667px;"">&nbsp; Others</th>
</tr>
<tr style=""height: 18.6667px;"">
<td style=""width: 23.3472%; height: 18.6667px;"">Notification Light</td>
<td style=""width: 75.3613%; height: 18.6667px;"">&nbsp;</td>
</tr>
<tr style=""height: 37.3333px;"">
<td style=""width: 23.3472%; height: 37.3333px;"">Sensors</td>
<td style=""width: 75.3613%; height: 37.3333px;"">Fingerprint, Accelerometer, Gyroscope, Proximity, E-Compass</td>
</tr>
<tr style=""height: 18.6667px;"">
<td style=""width: 23.3472%; height: 18.6667px;"">Manufactured by</td>
<td style=""width: 75.3613%; height: 18.6667px;"">Infinix</td>
</tr>
<tr style=""height: 18.6667px;"">
<td style=""width: 23.3472%; height: 18.6667px;"">Made in</td>
<td style=""width: 75.3613%; height: 18.6667px;"">&nbsp;</td>
</tr>
<tr style=""height: 18.6667px;"">
<td style=""width: 23.3472%; height: 18.6667px;"">Sar Value</td>
</tr>
</tbody>
</table>",,,,,,
rmtradinginternational,Infinix Note 11 Pro 8GB 128GB Haze Green Official,piece,1,infinix,electronics,mobile-and-gadgets,,20200 ,21490 ,0,,,,,,5,,,,20,1,,active,"<tbody>
<tr></tr>
<tr>
<td><strong>First Release:</strong></td>
<td>November 19, 2021</td>
</tr>
<tr>
<td><strong>Colors</strong></td>
<td>Mithril Grey, Haze Green, Mist Blue</td>
</tr>
<tr>
<th>&nbsp; Connectivity</th>
<th>&nbsp;</th>
</tr>
<tr>
<td>Network</td>
<td>2G, 3G, 4G</td>
</tr>
<tr>
<td>SIM</td>
<td>Dual Nano SIM</td>
</tr>
<tr>
<td>WLAN</td>
<td>✅ dual-band, Wi-Fi Direct, hotspot</td>
</tr>
<tr>
<td>Bluetooth</td>
<td>✅ v5.0</td>
</tr>
<tr>
<td>GPS</td>
<td>✅ A-GPS</td>
</tr>
<tr>
<td>Radio</td>
<td>✅ FM</td>
</tr>
<tr>
<td>USB</td>
<td>v2.0</td>
</tr>
<tr>
<td>OTG</td>
<td>✅</td>
</tr>
<tr>
<td>USB Type-C</td>
<td>✅</td>
</tr>
<tr>
<td>NFC</td>
<td>✖</td>
</tr>
<tr>
<th>&nbsp; Body</th>
<th>&nbsp;</th>
</tr>
<tr>
<td>Style</td>
<td>Punch-hole</td>
</tr>
<tr>
<td>Material</td>
<td>Glass front, plastic body</td>
</tr>
<tr>
<td>Water Resistance</td>
<td>✖</td>
</tr>
<tr>
<td>Dimensions</td>
<td>173.1 x 78.4 x 8.7 millimeters</td>
</tr>
<tr>
<td>Weight</td>
<td>209 grams</td>
</tr>
<tr>
<th>&nbsp; Display</th>
<th>&nbsp;</th>
</tr>
<tr>
<td>Size</td>
<td>6.95 inches</td>
</tr>
<tr>
<td>Resolution</td>
<td>Full HD+ 1080 x 2460 pixels (387 ppi)</td>
</tr>
<tr>
<td>Technology</td>
<td>IPS LCD Touchscreen</td>
</tr>
<tr>
<td>Protection</td>
<td>✖</td>
</tr>
<tr>
<td>Features</td>
<td>Multitouch, 120Hz refresh rate</td>
</tr>
<tr>
<th>&nbsp; Back Camera</th>
<th>&nbsp;</th>
</tr>
<tr>
<td>Resolution</td>
<td>Triple 64+13+2 Megapixel</td>
</tr>
<tr>
<td>Features</td>
<td>PDAF, quad-LED flash, telephoto, depth, 1/1.72&Prime;, 0.8&micro;m &amp; more</td>
</tr>
<tr>
<td>Video Recording</td>
<td>Quad HD (1440p)</td>
</tr>
<tr>
<th>&nbsp; Front Camera</th>
<th>&nbsp;</th>
</tr>
<tr>
<td>Resolution</td>
<td>16 Megapixel</td>
</tr>
<tr>
<td>Features</td>
<td>&nbsp;</td>
</tr>
<tr>
<td>Video Recording</td>
<td>Full HD (1080p)</td>
</tr>
<tr>
<th>&nbsp; Battery</th>
<th>&nbsp;</th>
</tr>
<tr>
<td>Type and Capacity</td>
<td>Lithium-polymer 5000 mAh (non-removable)</td>
</tr>
<tr>
<td>Fast Charging</td>
<td>✅ 33W Fast Charging</td>
</tr>
<tr>
<th>&nbsp; Performance</th>
<th>&nbsp;</th>
</tr>
<tr>
<td>Operating System</td>
<td>Android 11 (XOS 10)</td>
</tr>
<tr>
<td>Chipset</td>
<td>Mediatek Helio G96 (12 nm)</td>
</tr>
<tr>
<td>RAM</td>
<td>8 GB</td>
</tr>
<tr>
<td>Processor</td>
<td>Octa-core, up to 2.05 GHz</td>
</tr>
<tr>
<td>GPU</td>
<td>Mali-G57 MC2</td>
</tr>
<tr>
<th>&nbsp; Storage</th>
<th>&nbsp;</th>
</tr>
<tr>
<td>ROM</td>
<td>128 GB (UFS 2.2)</td>
</tr>
<tr>
<td>MicroSD Slot</td>
<td>✅ Dedicated slot</td>
</tr>
<tr>
<th>&nbsp; Sound</th>
<th>&nbsp;</th>
</tr>
<tr>
<td>3.5mm Jack</td>
<td>✅</td>
</tr>
<tr>
<td>Features</td>
<td>Loudspeaker (dual speakers)</td>
</tr>
<tr>
<th>&nbsp; Security</th>
<th>&nbsp;</th>
</tr>
<tr>
<td>Fingerprint</td>
<td>✅ Side-mounted</td>
</tr>
<tr>
<td>Face Unlock</td>
<td>✅</td>
</tr>
<tr>
<th>&nbsp; Others</th>
</tr>
<tr>
<td>Notification Light</td>
<td>&nbsp;</td>
</tr>
<tr>
<td>Sensors</td>
<td>Fingerprint, Accelerometer, Gyroscope, Proximity, E-Compass</td>
</tr>
<tr>
<td>Manufactured by</td>
<td>Infinix</td>
</tr>
<tr>
<td>Made in</td>
<td>&nbsp;</td>
</tr>
<tr>
<td>Sar Value</td>
</tr>
</tbody>
</table>",,,,,,
rmtradinginternational,Infinix Note 11 Pro 8GB 128GB Mithril Grey Official,piece,1,infinix,electronics,mobile-and-gadgets,,20200 ,21490 ,0,,,,,,5,,,,20,1,,active,"<div class=""panel"">
<div class=""panel-body"">
<div class=""qt-phone-specs"">
<table class=""table table-bordered table-striped "">
<tbody>
<tr>
<th scope=""row"">Brand</th>
<td><a href=""https://www.pakmobizone.pk/mobile-phone-brand/infinix-mobile-phones/"">INFINIX Mobile Phones</a></td>
</tr>
<tr>
<th scope=""row"">Features</th>
<td><a href=""https://www.pakmobizone.pk/mobile-phone-type/bluetooth-mobiles/"">Bluetooth Mobiles</a>,&nbsp;<a href=""https://www.pakmobizone.pk/mobile-phone-type/camera-mobiles/"">Camera Mobiles</a>,&nbsp;<a href=""https://www.pakmobizone.pk/mobile-phone-type/dual-sim-phones/"">Dual Sim Phones</a>,&nbsp;<a href=""https://www.pakmobizone.pk/mobile-phone-type/fm-radio-mobiles/"">FM Radio Mobiles</a>,&nbsp;<a href=""https://www.pakmobizone.pk/mobile-phone-type/memory-card/"">Memory Card</a>,&nbsp;<a href=""https://www.pakmobizone.pk/mobile-phone-type/video-recording/"">Video Recording</a>,&nbsp;<a href=""https://www.pakmobizone.pk/mobile-phone-type/wireless-lan/"">Wireless LAN</a></td>
</tr>
<tr>
<th scope=""row"">OS</th>
<td><a href=""https://www.pakmobizone.pk/mobile-phone-os/android-phones/"">Android Phones</a></td>
</tr>
<tr>
<th scope=""row"">Price Range</th>
<td><a href=""https://www.pakmobizone.pk/mobile-phone-price/25000-35000/"">Rs. 25,000 - Rs. 35,000</a></td>
</tr>
<tr>
<th scope=""row"">Camera Features</th>
<td><a href=""https://www.pakmobizone.pk/mobile-phone-camera/64-mp-mobiles/"">64 MP Mobiles</a></td>
</tr>
</tbody>
</table>
</div>
</div>
</div>
<div class=""panel"">
<div class=""panel-heading"">
<div class=""panel-title"">Specifications and Features of&nbsp;<strong>Infinix Note 11 Pro (Mithril Grey 128GB + 8GB)</strong></div>
</div>
<div class=""panel-body"">
<div class=""qt-phone-specs"">
<table class=""table table-bordered table-striped "">
<tbody>
<tr>
<th scope=""row"">Dimension</th>
<td>173.1 x 78.4 x 8.7 mm</td>
</tr>
<tr>
<th scope=""row"">Weight</th>
<td>209</td>
</tr>
<tr>
<th scope=""row"">Battery</th>
<td>Non-removable Li-Po 5000mAh battery Charging Fast Charging 33W</td>
</tr>
<tr>
<th scope=""row"">OS</th>
<td>Android 11, XOS 10</td>
</tr>
<tr>
<th scope=""row"">Memory</th>
<td>128GB built-in, 8GB Ram UFS 2.2 Card slot microSDXC (dedicated slot)</td>
</tr>
<tr>
<th scope=""row"">Processor</th>
<td>Octa-core (2x2.05 GHz Cortex-A76 &amp; 6x2.0 GHz Cortex-A55) Mediatek Helio G96 (12 nm) GPU Mali-G57 MC2</td>
</tr>
<tr>
<th scope=""row"">Connectivity</th>
<td>Bluetooth 5.0, A2DP, LE USB microUSB 2.0, USB On-The-Go ,WLAN (Wi-Fi 802.11 b/g/n, Wi-Fi Direct, hotspot), GPRS, EDGE, 3G HSPA,4G LTE</td>
</tr>
<tr>
<th scope=""row"">Display Size</th>
<td>6.95 inches, Sensors Fingerprint (side-mounted), accelerometer, gyro, proximity, compass</td>
</tr>
<tr>
<th scope=""row"">Display Colours</th>
<td>IPS LCD capacitive touchscreen, 120Hz colors 1080 x 2460 pixels (387 ppi density)</td>
</tr>
<tr>
<th scope=""row"">Operating Frequency</th>
<td>SIM1: GSM 850 / 900 / 1800 / 1900 SIM2: GSM 850 / 900 / 1800 / 1900</td>
</tr>
<tr>
<th scope=""row"">Browser</th>
<td>HTML5</td>
</tr>
<tr>
<th scope=""row"">Body Colours</th>
<td>Mithril Grey, Haze Green, Mist Blue</td>
</tr>
<tr>
<th scope=""row"">Entertainment</th>
<td>(Yes, with stereo speakers) 3.5mm jack 24-bit/192kHz audio MP3/eAAC+/WMA/WAV player, YouTube, Google Talk, Games (built-in + downloadable)</td>
</tr>
<tr>
<th scope=""row"">Camera</th>
<td>Triple: 64 MP, f/1.7, (wide), 1/1.72"", 0.8&micro;m, PDAF 13 MP, f/2.5, (telephoto), 1/3.1"", 1.12&micro;m, AF 2 MP, f/2.4, (depth) Quad-LED flash, HDR, panorama Video 1440p@30fps Selfie camera Single 16 MP Video 1080p@30fps</td>
</tr>
<tr>
<th scope=""row"">Ring Tones</th>
<td>MP3, WAV ringtones</td>
</tr>
<tr>
<th scope=""row"">Messaging</th>
<td>SMS(threaded view), MMS, Email, Push Mail, IM</td>
</tr>
<tr>
<th scope=""row"">Other Features</th>
<td>GPS Yes, with A-GPS Dual SIM + Micro Sim, dual stand-by), Photo/video editor, Document viewer, Google Search, Maps, Gmail, Document viewer, Speakerphone</td>
</tr>
</tbody>
</table>
</div>
</div>
</div>",,,,,,
rmtradinginternational,Infinix Infinix Hot 11s 6GB 128GB Polar Black,piece,1,infinix,electronics,mobile-and-gadgets,,15100 ,15990 ,0,,,,,,5,,,,20,1,,active,"<table style=""width: 100%; height: 1173.83px;"">
<tbody>
<tr style=""height: 0.5px;""></tr>
<tr style=""height: 18.6667px;"">
<td style=""width: 23.3472%; height: 18.6667px;""><strong>First Release:</strong></td>
<td style=""width: 75.3613%; height: 18.6667px;"">September 21, 2021</td>
</tr>
<tr style=""height: 18.6667px;"">
<td style=""width: 23.3472%; height: 18.6667px;""><strong>Colors</strong></td>
<td style=""width: 75.3613%; height: 18.6667px;"">Polar Black, Green Wave, Purple</td>
</tr>
<tr style=""height: 18.6667px;"">
<th style=""width: 23.3472%; height: 18.6667px;"">&nbsp; Connectivity</th>
<th style=""width: 75.3613%; height: 18.6667px;"">&nbsp;</th>
</tr>
<tr style=""height: 18.6667px;"">
<td style=""width: 23.3472%; height: 18.6667px;"">Network</td>
<td style=""width: 75.3613%; height: 18.6667px;"">2G, 3G, 4G</td>
</tr>
<tr style=""height: 18.6667px;"">
<td style=""width: 23.3472%; height: 18.6667px;"">SIM</td>
<td style=""width: 75.3613%; height: 18.6667px;"">Dual Nano SIM</td>
</tr>
<tr style=""height: 18.6667px;"">
<td style=""width: 23.3472%; height: 18.6667px;"">WLAN</td>
<td style=""width: 75.3613%; height: 18.6667px;"">&nbsp;hotspot</td>
</tr>
<tr style=""height: 18.6667px;"">
<td style=""width: 23.3472%; height: 18.6667px;"">Bluetooth</td>
<td style=""width: 75.3613%; height: 18.6667px;"">&nbsp;v5.0, A2DP, LE</td>
</tr>
<tr style=""height: 18.6667px;"">
<td style=""width: 23.3472%; height: 18.6667px;"">GPS</td>
<td style=""width: 75.3613%; height: 18.6667px;"">, A-GPS</td>
</tr>
<tr style=""height: 18.6667px;"">
<td style=""width: 23.3472%; height: 18.6667px;"">Radio</td>
<td style=""width: 75.3613%; height: 18.6667px;"">&nbsp;FM</td>
</tr>
<tr style=""height: 18.6667px;"">
<td style=""width: 23.3472%; height: 18.6667px;"">USB</td>
<td style=""width: 75.3613%; height: 18.6667px;"">v2.0</td>
</tr>
<tr style=""height: 18.6667px;"">
<td style=""width: 23.3472%; height: 18.6667px;"">OTG</td>
<td style=""width: 75.3613%; height: 18.6667px;"">&nbsp;</td>
</tr>
<tr style=""height: 18.6667px;"">
<td style=""width: 23.3472%; height: 18.6667px;"">USB Type-C</td>
<td style=""width: 75.3613%; height: 18.6667px;"">&nbsp;</td>
</tr>
<tr style=""height: 21.3333px;"">
<td style=""width: 23.3472%; height: 21.3333px;"">NFC</td>
<td style=""width: 75.3613%; height: 21.3333px;"">✖</td>
</tr>
<tr style=""height: 18.6667px;"">
<th style=""width: 23.3472%; height: 18.6667px;"">&nbsp; Body</th>
<th style=""width: 75.3613%; height: 18.6667px;"">&nbsp;</th>
</tr>
<tr style=""height: 18.6667px;"">
<td style=""width: 23.3472%; height: 18.6667px;"">Style</td>
<td style=""width: 75.3613%; height: 18.6667px;"">Punch-hole</td>
</tr>
<tr style=""height: 18.6667px;"">
<td style=""width: 23.3472%; height: 18.6667px;"">Material</td>
<td style=""width: 75.3613%; height: 18.6667px;"">Glass front, plastic body</td>
</tr>
<tr style=""height: 37.3333px;"">
<td style=""width: 23.3472%; height: 37.3333px;"">Water Resistance</td>
<td style=""width: 75.3613%; height: 37.3333px;"">✖</td>
</tr>
<tr style=""height: 18.6667px;"">
<td style=""width: 23.3472%; height: 18.6667px;"">Dimensions</td>
<td style=""width: 75.3613%; height: 18.6667px;"">168.9 x 77 x 8.8 millimeters</td>
</tr>
<tr style=""height: 18.6667px;"">
<td style=""width: 23.3472%; height: 18.6667px;"">Weight</td>
<td style=""width: 75.3613%; height: 18.6667px;"">205 grams</td>
</tr>
<tr style=""height: 18.6667px;"">
<th style=""width: 23.3472%; height: 18.6667px;"">&nbsp; Display</th>
<th style=""width: 75.3613%; height: 18.6667px;"">&nbsp;</th>
</tr>
<tr style=""height: 18.6667px;"">
<td style=""width: 23.3472%; height: 18.6667px;"">Size</td>
<td style=""width: 75.3613%; height: 18.6667px;"">6.78 inches</td>
</tr>
<tr style=""height: 18.6667px;"">
<td style=""width: 23.3472%; height: 18.6667px;"">Resolution</td>
<td style=""width: 75.3613%; height: 18.6667px;"">Full HD+ 1080 x 2480 pixels (399 ppi)</td>
</tr>
<tr style=""height: 18.6667px;"">
<td style=""width: 23.3472%; height: 18.6667px;"">Technology</td>
<td style=""width: 75.3613%; height: 18.6667px;"">IPS Touchscreen</td>
</tr>
<tr style=""height: 18.6667px;"">
<td style=""width: 23.3472%; height: 18.6667px;"">Protection</td>
<td style=""width: 75.3613%; height: 18.6667px;"">&nbsp;NEG Dinorex T2X-1</td>
</tr>
<tr style=""height: 18.6667px;"">
<td style=""width: 23.3472%; height: 18.6667px;"">Features</td>
<td style=""width: 75.3613%; height: 18.6667px;"">90Hz refresh rate, eye-protection</td>
</tr>
<tr style=""height: 18.6667px;"">
<th style=""width: 23.3472%; height: 18.6667px;"">&nbsp; Back Camera</th>
<th style=""width: 75.3613%; height: 18.6667px;"">&nbsp;</th>
</tr>
<tr style=""height: 18.6667px;"">
<td style=""width: 23.3472%; height: 18.6667px;"">Resolution</td>
<td style=""width: 75.3613%; height: 18.6667px;"">Triple 50+2+2 Megapixel</td>
</tr>
<tr style=""height: 37.3333px;"">
<td style=""width: 23.3472%; height: 37.3333px;"">Features</td>
<td style=""width: 75.3613%; height: 37.3333px;"">PDAF, f/1.6 aperture, quad-LED flash, monochrome, depth &amp; more</td>
</tr>
<tr style=""height: 18.6667px;"">
<td style=""width: 23.3472%; height: 18.6667px;"">Video Recording</td>
<td style=""width: 75.3613%; height: 18.6667px;"">Quad HD (1440p)</td>
</tr>
<tr style=""height: 18.6667px;"">
<th style=""width: 23.3472%; height: 18.6667px;"">&nbsp; Front Camera</th>
<th style=""width: 75.3613%; height: 18.6667px;"">&nbsp;</th>
</tr>
<tr style=""height: 18.6667px;"">
<td style=""width: 23.3472%; height: 18.6667px;"">Resolution</td>
<td style=""width: 75.3613%; height: 18.6667px;"">8 Megapixel</td>
</tr>
<tr style=""height: 18.6667px;"">
<td style=""width: 23.3472%; height: 18.6667px;"">Features</td>
<td style=""width: 75.3613%; height: 18.6667px;"">F/2.0 aperture, quad-LED flash</td>
</tr>
<tr style=""height: 18.6667px;"">
<td style=""width: 23.3472%; height: 18.6667px;"">Video Recording</td>
<td style=""width: 75.3613%; height: 18.6667px;"">Quad HD (1440p)</td>
</tr>
<tr style=""height: 18.6667px;"">
<th style=""width: 23.3472%; height: 18.6667px;"">&nbsp; Battery</th>
<th style=""width: 75.3613%; height: 18.6667px;"">&nbsp;</th>
</tr>
<tr style=""height: 37.3333px;"">
<td style=""width: 23.3472%; height: 37.3333px;"">Type and Capacity</td>
<td style=""width: 75.3613%; height: 37.3333px;"">Lithium-polymer 5000 mAh (non-removable)</td>
</tr>
<tr style=""height: 21.3333px;"">
<td style=""width: 23.3472%; height: 21.3333px;"">Fast Charging</td>
<td style=""width: 75.3613%; height: 21.3333px;"">&nbsp;18W Fast Charging</td>
</tr>
<tr style=""height: 18.6667px;"">
<th style=""width: 23.3472%; height: 18.6667px;"">&nbsp; Performance</th>
<th style=""width: 75.3613%; height: 18.6667px;"">&nbsp;</th>
</tr>
<tr style=""height: 37.3333px;"">
<td style=""width: 23.3472%; height: 37.3333px;"">Operating System</td>
<td style=""width: 75.3613%; height: 37.3333px;"">Android 11 (XOS 7.6)</td>
</tr>
<tr style=""height: 18.6667px;"">
<td style=""width: 23.3472%; height: 18.6667px;"">Chipset</td>
<td style=""width: 75.3613%; height: 18.6667px;"">Mediatek Helio G88 (12 nm)</td>
</tr>
<tr style=""height: 18.6667px;"">
<td style=""width: 23.3472%; height: 18.6667px;"">RAM</td>
<td style=""width: 75.3613%; height: 18.6667px;"">4 / 6 GB</td>
</tr>
<tr style=""height: 18.6667px;"">
<td style=""width: 23.3472%; height: 18.6667px;"">Processor</td>
<td style=""width: 75.3613%; height: 18.6667px;"">Octa-core, up to 2.0 GHz</td>
</tr>
<tr style=""height: 18.6667px;"">
<td style=""width: 23.3472%; height: 18.6667px;"">GPU</td>
<td style=""width: 75.3613%; height: 18.6667px;"">Mali-G52 MC2</td>
</tr>
<tr style=""height: 18.6667px;"">
<th style=""width: 23.3472%; height: 18.6667px;"">&nbsp; Storage</th>
<th style=""width: 75.3613%; height: 18.6667px;"">&nbsp;</th>
</tr>
<tr style=""height: 18.6667px;"">
<td style=""width: 23.3472%; height: 18.6667px;"">ROM</td>
<td style=""width: 75.3613%; height: 18.6667px;"">128 GB</td>
</tr>
<tr style=""height: 21.3333px;"">
<td style=""width: 23.3472%; height: 21.3333px;"">MicroSD Slot</td>
<td style=""width: 75.3613%; height: 21.3333px;"">&nbsp;Dedicated slot</td>
</tr>
<tr style=""height: 18.6667px;"">
<th style=""width: 23.3472%; height: 18.6667px;"">&nbsp; Sound</th>
<th style=""width: 75.3613%; height: 18.6667px;"">&nbsp;</th>
</tr>
<tr style=""height: 21.3333px;"">
<td style=""width: 23.3472%; height: 21.3333px;"">3.5mm Jack</td>
<td style=""width: 75.3613%; height: 21.3333px;"">&nbsp;</td>
</tr>
<tr style=""height: 18.6667px;"">
<td style=""width: 23.3472%; height: 18.6667px;"">Features</td>
<td style=""width: 75.3613%; height: 18.6667px;"">Loudspeaker (dual speakers)</td>
</tr>
<tr style=""height: 18.6667px;"">
<th style=""width: 23.3472%; height: 18.6667px;"">&nbsp; Security</th>
<th style=""width: 75.3613%; height: 18.6667px;"">&nbsp;</th>
</tr>
<tr style=""height: 21.3333px;"">
<td style=""width: 23.3472%; height: 21.3333px;"">Fingerprint</td>
<td style=""width: 75.3613%; height: 21.3333px;"">&nbsp;Back-mounted</td>
</tr>
<tr style=""height: 21.3333px;"">
<td style=""width: 23.3472%; height: 21.3333px;"">Face Unlock</td>
<td style=""width: 75.3613%; height: 21.3333px;"">&nbsp;</td>
</tr>
<tr style=""height: 18.6667px;"">
<th style=""width: 23.3472%; height: 18.6667px;"">&nbsp; Others</th>
</tr>
<tr style=""height: 18.6667px;"">
<td style=""width: 23.3472%; height: 18.6667px;"">Notification Light</td>
<td style=""width: 75.3613%; height: 18.6667px;"">&nbsp;</td>
</tr>
<tr style=""height: 37.3333px;"">
<td style=""width: 23.3472%; height: 37.3333px;"">Sensors</td>
<td style=""width: 75.3613%; height: 37.3333px;"">Fingerprint, Accelerometer, Gyroscope, Proximity, E-Compass</td>
</tr>
<tr style=""height: 18.6667px;"">
<td style=""width: 23.3472%; height: 18.6667px;"">Manufactured by</td>
<td style=""width: 75.3613%; height: 18.6667px;"">Infinix</td>
</tr>
<tr style=""height: 18.6667px;"">
<td style=""width: 23.3472%; height: 18.6667px;"">Made in</td>
<td style=""width: 75.3613%; height: 18.6667px;"">&nbsp;</td>
</tr>
<tr style=""height: 18.6667px;"">
<td style=""width: 23.3472%; height: 18.6667px;"">Sar Value</td>
</tr>
</tbody>
</table>",,,,,,
rmtradinginternational,Infinix Infinix Hot 10s 6GB 128GB Heart Of Ocean,piece,1,infinix,electronics,mobile-and-gadgets,,14100 ,14990 ,0,,,,,,5,,,,20,1,,active,"<table class=""table table-bordered table-striped "">
<tbody>
<tr>
<th scope=""row"">Brand</th>
<td><a href=""https://www.pakmobizone.pk/mobile-phone-brand/infinix-mobile-phones/"">INFINIX Mobile Phones</a></td>
</tr>
<tr>
<th scope=""row"">Features</th>
<td><a href=""https://www.pakmobizone.pk/mobile-phone-type/bluetooth-mobiles/"">Bluetooth Mobiles</a>,&nbsp;<a href=""https://www.pakmobizone.pk/mobile-phone-type/camera-mobiles/"">Camera Mobiles</a>,&nbsp;<a href=""https://www.pakmobizone.pk/mobile-phone-type/dual-sim-phones/"">Dual Sim Phones</a>,&nbsp;<a href=""https://www.pakmobizone.pk/mobile-phone-type/fm-radio-mobiles/"">FM Radio Mobiles</a>,&nbsp;<a href=""https://www.pakmobizone.pk/mobile-phone-type/memory-card/"">Memory Card</a>,&nbsp;<a href=""https://www.pakmobizone.pk/mobile-phone-type/video-recording/"">Video Recording</a>,&nbsp;<a href=""https://www.pakmobizone.pk/mobile-phone-type/wireless-lan/"">Wireless LAN</a></td>
</tr>
<tr>
<th scope=""row"">OS</th>
<td><a href=""https://www.pakmobizone.pk/mobile-phone-os/android-phones/"">Android Phones</a></td>
</tr>
<tr>
<th scope=""row"">Price Range</th>
<td><a href=""https://www.pakmobizone.pk/mobile-phone-price/15000-25000/"">Rs. 15,000 - Rs. 25,000</a></td>
</tr>
<tr>
<th scope=""row"">Camera Features</th>
<td><a href=""https://www.pakmobizone.pk/mobile-phone-camera/48-mp-mobiles/"">48 MP Mobiles</a></td>
</tr>
</tbody>
</table>",,,,,,
rmtradinginternational,Lenovo Phab 2 3GB 32GB Champagne Gold,piece,1,infinix,electronics,mobile-and-gadgets,,15000 ,16990 ,0,,,,,,5,,,,20,1,,active,"<ul>
<li>About this item Lenovo Phab2 Plus Dual-Sim 32GB, Lenovo PB2-670M, Chipset: 64bit - MediaTek MT8783 (28nm), CPU: 1.3Ghz Octa-Core ARM Cortex-A53, Memory: 32GB, 3GB RAM, Display: 6.4"" inches, 1080 x 1920 pixels, Camera: 13MP Back, 8MP Front, Fingerprint sensor Unlocked cell phones are compatible with GSM carriers such as AT&amp;T and T-Mobile, but are not compatible with CDMA carriers such as Verizon and Sprint. Please check if your GSM cellular carrier supports the bands for this model before purchasing, LTE may not be available in the US as this is the international model: 2G:GSM 850/900/1800/1900, 3G: UMTS 850/900/1900/2100, 4G: LTE Cat4 850/800/900/1800/1900/2100/2600 (Bands 1,2,3,5,7,8,20) TD-LTE 2500/2300/2600 (Bands 38,40,41), SIM2: GSM 850/900/1800/1900 This device may not include a US warranty as some manufacturers do not honor warranties for international items. Please contact the seller for specific warranty information The box contains: Your new device, USB cable, Charger (may be foreign) If so, a FREE US adapter will be included, Documentation.</li>
</ul>",,,,,,
rmtradinginternational,Nokia 150 Red New,piece,1,lenovo,electronics,feature-phone,,3350 ,3499 ,0,,,,,,5,,,,20,1,,active,<p>Nokia 150 (2020) mobile was launched on 12th May 2020. The phone comes with a 2.40-inch display.Nokia 150 (2020) comes with 4MB of RAM. The Nokia 150 (2020) runs Series 30 and is powered by a 1020mAh removable battery.</p>,,,,,,
rmtradinginternational,Nokia 3310 Yellow,piece,1,nokia,electronics,feature-phone,,4800 ,4990 ,0,,,,,,5,,,,20,1,,active,Nokia 3310 Yellow,,,,,,
rmtradinginternational,Nokia 3310 Warm Red,piece,1,nokia,electronics,feature-phone,,4800 ,4990 ,0,,,,,,5,,,,20,1,,active,"<p class=""story_para_1"">To satiate the nostalgia or for someone who wishes to go for a so-called &ldquo;smartphone detox&rdquo;, there are cheaper options like Nokia 150, Nokia 130, Nokia 216 and others. However, if you wish to go for the Nokia 3310 for reasons best known to you, here is a glimpse of what you get. Colour options include Warm Red (Glossy), Dark Blue (Matte), Yellow (Glossy) and Grey (MatteFor a price of Rs 3,310, the Nokia 3310 offers a 2.4-inch TFT colour display with a resolution of 240 X 320 pixels. It is a dual SIM 2.5G GSM handset powered by S30+ operating system and a 1,200mAh battery. The handset supports 32GB of external storage.</p>",,,,,,
rmtradinginternational,Nokia Nokia 6310 Green,piece,1,nokia,electronics,feature-phone,,5300 ,5499 ,0,,,,,,5,,,,20,1,,active,,,,,,,
rmtradinginternational,Nokia 6310 Yellow,piece,1,nokia,electronics,feature-phone,,5300 ,5499 ,0,,,,,,5,,,,20,1,,active,,,,,,,
rmtradinginternational,Nokia 3.4 Hk Blue,piece,1,nokia,electronics,feature-phone,,13000 ,13500 ,0,,,,,,5,,,,20,1,,active,,,,,,,
rmtradinginternational,Nokia 105 Dous Blue 4th Edition,piece,1,nokia,electronics,feature-phone,,1680 ,1749 ,0,,,,,,5,,,,20,1,,active,,,,,,,
rmtradinginternational,Nokia 150 Cyan New,piece,1,nokia,electronics,feature-phone,,3350 ,3499 ,0,,,,,,5,,,,20,1,,active,,,,,,,
rmtradinginternational,Nokia Nokia 110 4g Black,piece,1,nokia,electronics,feature-phone,,3650 ,3799 ,0,,,,,,5,,,,20,1,,active,,,,,,,
rmtradinginternational,Nokia 3310 Grey,piece,1,nokia,electronics,feature-phone,,4800 ,4990 ,0,,,,,,5,,,,20,1,,active,,,,,,,
rmtradinginternational,Nokia 3310 Dark Blue,piece,1,nokia,electronics,feature-phone,,4800 ,4990 ,0,,,,,,5,,,,20,1,,active,,,,,,,
rmtradinginternational,Nokia 3.4 4 64GB Hk Grey,piece,1,nokia,electronics,feature-phone,,14400 ,14999 ,0,,,,,,5,,,,20,1,,active,,,,,,,
rmtradinginternational,Nokia 105 4g Black,piece,1,nokia,electronics,feature-phone,,3000 ,3099 ,0,,,,,,5,,,,20,1,,active,,,,,,,
rmtradinginternational,Nokia 105 4g Blue,piece,1,nokia,electronics,feature-phone,,3000 ,3099 ,0,,,,,,5,,,,20,1,,active,,,,,,,
rmtradinginternational,Nokia 225 4g Blue,piece,1,nokia,electronics,feature-phone,,4050 ,4199 ,0,,,,,,5,,,,20,1,,active,,,,,,,
rmtradinginternational,Nokia 105 Dous Black 4th Edition,piece,1,nokia,electronics,feature-phone,,1680 ,1749 ,0,,,,,,5,,,,20,1,,active,,,,,,,
rmtradinginternational,Nokia 150 Black New,piece,1,nokia,electronics,feature-phone,,3350 ,3499 ,0,,,,,,5,,,,20,1,,active,,,,,,,
rmtradinginternational,Nokia 106 Dark Grey,piece,1,nokia,electronics,feature-phone,,1790 ,1849 ,0,,,,,,5,,,,20,1,,active,,,,,,,
rmtradinginternational,Nokia Nokia 225 4g Black,piece,1,nokia,electronics,feature-phone,,4050 ,4199 ,0,,,,,,5,,,,20,1,,active,,,,,,,
rmtradinginternational,Nokia 150 Black,piece,1,nokia,electronics,feature-phone,,2900 ,3000 ,0,,,,,,5,,,,20,1,,active,,,,,,,